movie_id,title,release_year,genres,keywords,cast,director,overview,runtime,rating,vote_count,poster_path,backdrop_path
1,The Shawshank Redemption,1994,Drama|Crime,prison|escape|friendship|hope|wrongful conviction,Tim Robbins|Morgan Freeman|Bob Gunton|William Sadler,Frank Darabont,"Two imprisoned men bond over a number of years, finding solace and eventual redemption through acts of common decency.",142,9.3,2600000,https://image.tmdb.org/t/p/w342/9cqNxx0GxF0bflZmeSMuL5tnGzr.jpg,https://image.tmdb.org/t/p/w780/zfbjgQE1uSd9wiPTX4VzsLi0rGG.jpg
2,The Godfather,1972,Crime|Drama,mafia|organized crime|family|power|betrayal|sicily,Marlon Brando|Al Pacino|James Caan|Robert Duvall,Francis Ford Coppola,The aging patriarch of an organized crime dynasty transfers control of his empire to his reluctant son.,175,9.2,2000000,https://image.tmdb.org/t/p/w342/3bhkrj58Vtu7enYsRolD1fZdja1.jpg,https://image.tmdb.org/t/p/w780/tSPT36ZKlP2WVHJLM4cQPLSzv3b.jpg
3,The Dark Knight,2008,Action|Crime|Drama|Thriller,superhero|joker|batman|gotham|crime|anarchy|chaos,Christian Bale|Heath Ledger|Aaron Eckhart|Michael Caine,Christopher Nolan,"When the menace known as the Joker wreaks havoc on Gotham, Batman must accept one of the greatest tests of his ability to fight injustice.",152,9.0,3100000,https://image.tmdb.org/t/p/w342/qJ2tW6WMUDux911r6m7haRef0WH.jpg,https://image.tmdb.org/t/p/w780/x5f2uTfw0Pqc5QI4ch5AHICee2o.jpg
4,Interstellar,2014,Sci-Fi|Drama|Adventure,space travel|black hole|time dilation|survival|father daughter relationship|wormhole|nasa,Matthew McConaughey|Anne Hathaway|Jessica Chastain|Michael Caine,Christopher Nolan,A team of explorers travel through a wormhole in space in an attempt to ensure humanity's survival as Earth becomes uninhabitable.,169,8.7,2400000,https://image.tmdb.org/t/p/w342/yQvGrMoipbRoddT0ZR8tPoR7NfX.jpg,https://image.tmdb.org/t/p/w780/5XNQBqnBwPA9yT0jZ0p3s8bbLh0.jpg
5,Inception,2010,Sci-Fi|Action|Thriller,dream|heist|subconscious|mind|reality|architecture,Leonardo DiCaprio|Joseph Gordon-Levitt|Elliot Page|Tom Hardy,Christopher Nolan,A thief who steals corporate secrets through dream-sharing technology is given the inverse task of planting an idea into a mind.,148,8.8,2600000,https://image.tmdb.org/t/p/w342/xlaY2zyzMfkhk0HSC5VUwzoZPU1.jpg,https://image.tmdb.org/t/p/w780/8ZTVqvKDQ8emSGUEMjsS4yHAwrp.jpg
6,Pulp Fiction,1994,Crime|Drama,hitman|los angeles|dark comedy|nonlinear|drug dealer|boxer,John Travolta|Samuel L. Jackson|Uma Thurman|Bruce Willis,Quentin Tarantino,"The lives of two mob hitmen, a boxer, a gangster and his wife intertwine in four tales of violence and redemption.",154,8.9,2400000,https://image.tmdb.org/t/p/w342/vQWk5YBFWF4bZaofAbv0tShwBvQ.jpg,https://image.tmdb.org/t/p/w780/suaEOtk1N1sgg2MTM7oZd2cfVp3.jpg
7,Schindler's List,1993,Drama|History,holocaust|world war ii|nazi germany|jewish|businessman|concentration camp,Liam Neeson|Ben Kingsley|Ralph Fiennes|Caroline Goodall,Steven Spielberg,"In occupied Poland during World War II, industrialist Oskar Schindler gradually becomes concerned for his Jewish workforce.",195,9.0,1500000,https://image.tmdb.org/t/p/w342/sF1U4EUQS8YHUYjNl3pMGNIQyr0.jpg,https://image.tmdb.org/t/p/w780/zb6fM1CX41D9rF9hdgclu0peUmy.jpg
8,The Lord of the Rings: The Fellowship of the Ring,2001,Adventure|Fantasy,quest|ring|hobbit|wizard|middle earth|friendship|epic,Elijah Wood|Ian McKellen|Viggo Mortensen|Sean Bean,Peter Jackson,A meek hobbit and eight companions set out on a journey to Mount Doom to destroy the One Ring.,178,8.9,2200000,https://image.tmdb.org/t/p/w342/6oom5QYQ2yQTMJIbnvbkBL9cHo6.jpg,https://image.tmdb.org/t/p/w780/mWDdRXTivGE7aaY2vo1Ie0PfCX5.jpg
9,The Lord of the Rings: The Return of the King,2003,Adventure|Fantasy,quest|ring|hobbit|middle earth|final battle|epic|courage,Elijah Wood|Ian McKellen|Viggo Mortensen|Liv Tyler,Peter Jackson,Aragorn is crowned king as Frodo reaches the end of his quest to destroy the One Ring.,201,9.0,2100000,https://image.tmdb.org/t/p/w342/rCzpDGLbOoPwLjy3OAm5NUPOTrC.jpg,https://image.tmdb.org/t/p/w780/2u7zbn8EudG6kLlBzUYqP8RyFU4.jpg
10,Fight Club,1999,Drama|Thriller,insomnia|fight|split personality|consumerism|anarchy|underground,Brad Pitt|Edward Norton|Helena Bonham Carter|Meat Loaf,David Fincher,An insomniac office worker and a devil-may-care soap salesman form an underground fight club that evolves into much more.,139,8.8,2500000,https://image.tmdb.org/t/p/w342/jSziioSwPVrOy9Yow3XhWIBDjq1.jpg,https://image.tmdb.org/t/p/w780/c6OLXfKAk5BKeR6broC8pYiCquX.jpg
11,Forrest Gump,1994,Drama|Romance,alabama|vietnam war|love story|decades spanning|american history,Tom Hanks|Robin Wright|Gary Sinise|Sally Field,Robert Zemeckis,"The presidencies of Kennedy and Johnson, the Vietnam War, and other events unfold from the perspective of an Alabama man with a low IQ.",142,8.8,2300000,https://image.tmdb.org/t/p/w342/Cw4hIUIAmSYfK9QfaUW5igp9La.jpg,https://image.tmdb.org/t/p/w780/66Kn4XWhkuPkJxOJyPEx4U2CUfN.jpg
12,The Matrix,1999,Sci-Fi|Action,virtual reality|simulation|chosen one|dystopia|kung fu|artificial intelligence|prophecy,Keanu Reeves|Laurence Fishburne|Carrie-Anne Moss|Hugo Weaving,The Wachowskis,A hacker discovers the shocking truth about reality and joins a rebellion against the machines that enslave humanity.,136,8.7,2200000,https://image.tmdb.org/t/p/w342/dXNAPwY7VrqMAo51EKhhCJfaGb5.jpg,https://image.tmdb.org/t/p/w780/tlm8UkiQsitc8rSuIAscQDCnP8d.jpg
13,Goodfellas,1990,Crime|Drama,mafia|organized crime|narration|betrayal|rise and fall,Ray Liotta|Robert De Niro|Joe Pesci|Lorraine Bracco,Martin Scorsese,"The story of Henry Hill and his life in the mob, covering his relationship with his wife and his partners.",145,8.7,1200000,https://image.tmdb.org/t/p/w342/9OkCLM73MIU2CrKZbqiT8Ln1wY2.jpg,https://image.tmdb.org/t/p/w780/gILte6Zd7m1YneIr6MVhh30S9pr.jpg
14,Se7en,1995,Crime|Thriller|Mystery,serial killer|seven deadly sins|detective|dark|rain|investigation,Brad Pitt|Morgan Freeman|Kevin Spacey|Gwyneth Paltrow,David Fincher,Two detectives hunt a serial killer who uses the seven deadly sins as motives for his murders.,127,8.6,1800000,https://image.tmdb.org/t/p/w342/191nKfP0ehp3uIvWqgPbFmI4lv9.jpg,https://image.tmdb.org/t/p/w780/i5H7zusQGsysGQ8i6P361Vnr0n2.jpg
15,The Silence of the Lambs,1991,Crime|Thriller|Horror,fbi|cannibal|serial killer|psychological|manhunt|female protagonist,Jodie Foster|Anthony Hopkins|Scott Glenn|Ted Levine,Jonathan Demme,A young F.B.I. cadet must receive help from an incarcerated manipulative killer to catch another serial killer.,119,8.6,1500000,https://image.tmdb.org/t/p/w342/uS9m8OBk1A8eM9I042bx8XXpqAq.jpg,https://image.tmdb.org/t/p/w780/aYcnDyLMnpKce1FOYUpZrXtgUye.jpg
16,Saving Private Ryan,1998,Drama|War,world war ii|normandy|soldiers|mission|sacrifice|brotherhood,Tom Hanks|Tom Sizemore|Matt Damon|Edward Burns,Steven Spielberg,"Following the Normandy landings, a group of U.S. soldiers go behind enemy lines to retrieve a paratrooper.",169,8.6,1600000,https://image.tmdb.org/t/p/w342/uqx37cS8cpHg8U35f9U5IBlrCV3.jpg,https://image.tmdb.org/t/p/w780/bdD39MpSVhKjxarTxLSfX6baoMP.jpg
17,Gladiator,2000,Action|Drama|Adventure,ancient rome|gladiator|revenge|betrayal|roman empire|sword fight,Russell Crowe|Joaquin Phoenix|Connie Nielsen|Oliver Reed,Ridley Scott,A former Roman general sets out to exact vengeance against the corrupt emperor who murdered his family.,155,8.5,1700000,https://image.tmdb.org/t/p/w342/wN2xWp1eIwCKOD0BHTcErTBv1Uq.jpg,https://image.tmdb.org/t/p/w780/jhk6D8pim3yaByu1801kMoxXFaX.jpg
18,Titanic,1997,Romance|Drama,shipwreck|love story|class differences|iceberg|tragedy|ocean liner,Leonardo DiCaprio|Kate Winslet|Billy Zane|Gloria Stuart,James Cameron,A seventeen-year-old aristocrat falls in love with a kind but poor artist aboard the ill-fated R.M.S. Titanic.,195,7.9,2400000,https://image.tmdb.org/t/p/w342/9xjZS2rlVxm8SFx8kPC3aIGCOYQ.jpg,https://image.tmdb.org/t/p/w780/xnHVX37XZEp33hhCbYlQFq7ux1J.jpg
19,The Departed,2006,Crime|Thriller|Drama,mole|undercover|police|boston|double agent|irish mob,Leonardo DiCaprio|Matt Damon|Jack Nicholson|Mark Wahlberg,Martin Scorsese,An undercover cop and a mole in the police attempt to identify each other while infiltrating an Irish gang.,151,8.5,1400000,https://image.tmdb.org/t/p/w342/nT97ifVT2J1yMQmeq20Qblg61T.jpg,https://image.tmdb.org/t/p/w780/6WRrGYalXXveItfpnipYdayFkQB.jpg
20,Whiplash,2014,Drama|Music,jazz|drummer|obsession|teacher student|abuse|perfectionism,Miles Teller|J.K. Simmons|Melissa Benoist|Paul Reiser,Damien Chazelle,A promising young drummer enrolls at a cut-throat music conservatory where his mentor will stop at nothing to realize his potential.,106,8.5,1000000,https://image.tmdb.org/t/p/w342/7fn624j5lj3xTme2SgiLCeuedmO.jpg,https://image.tmdb.org/t/p/w780/wbQa0EnWUyRzQ5d1pHLNRlmsCUP.jpg
21,The Prestige,2006,Drama|Thriller|Mystery,magician|obsession|rivalry|deception|sacrifice|Victorian era,Christian Bale|Hugh Jackman|Scarlett Johansson|Michael Caine,Christopher Nolan,"After a tragic accident, two stage magicians engage in a bitter battle for supremacy with lives at stake.",130,8.5,1400000,https://image.tmdb.org/t/p/w342/Ag2B2KHKQPukjH7WutmgnnSNurZ.jpg,https://image.tmdb.org/t/p/w780/z3br1ub7spqGMkxgjgJSdM4DC21.jpg
22,The Lion King,1994,Animation|Family|Adventure|Drama,lion|africa|coming of age|pride|uncle betrayal|musical,Matthew Broderick|Jeremy Irons|James Earl Jones,Roger Allers,"A lion prince, tricked into thinking he killed his father, flees his kingdom only to return to reclaim his throne.",89,8.5,1100000,https://image.tmdb.org/t/p/w342/sKCr78MXSLixwmZ8DyJLrpMsd15.jpg,https://image.tmdb.org/t/p/w780/q00H8EqULYSK74lgevMkhmGGLHn.jpg
23,Back to the Future,1985,Sci-Fi|Adventure|Comedy,time travel|delorean|invention|friendship|1950s|mad scientist,Michael J. Fox|Christopher Lloyd|Lea Thompson|Crispin Glover,Robert Zemeckis,Marty McFly is accidentally sent 30 years into the past in a time-traveling DeLorean invented by his friend.,116,8.5,1200000,https://image.tmdb.org/t/p/w342/vN5B5WgYscRGcQpVhHl6p9DDTP0.jpg,https://image.tmdb.org/t/p/w780/5bzPWQ2dFUl2aZKkp7ILJVVkRed.jpg
24,Jurassic Park,1993,Adventure|Sci-Fi|Thriller,dinosaurs|theme park|genetics|island|chaos|amber,Sam Neill|Laura Dern|Jeff Goldblum|Richard Attenborough,Steven Spielberg,A paleontologist visiting a theme park with live dinosaurs must protect two children when the park's security fails.,127,8.2,1200000,https://image.tmdb.org/t/p/w342/63viWuPfYQjRYLSZSZNq7dglJP5.jpg,https://image.tmdb.org/t/p/w780/o7LzVmlOSYc3EspyVMC9bsTTARc.jpg
25,The Shining,1980,Horror|Thriller,haunted hotel|isolation|madness|psychological horror|writer|winter,Jack Nicholson|Shelley Duvall|Danny Lloyd,Stanley Kubrick,A family heads to an isolated hotel for the winter where a sinister presence influences the father into violence.,146,8.4,1100000,https://image.tmdb.org/t/p/w342/uAR0AWqhQL1hQa69UDEbb2rE5Wx.jpg,https://image.tmdb.org/t/p/w780/AdKA2F1SzYPhSZdEbjH1Zh75UVQ.jpg
26,Alien,1979,Sci-Fi|Horror|Thriller,alien|space horror|creature|survival|spaceship|xenomorph,Sigourney Weaver|Tom Skerritt|John Hurt|Veronica Cartwright,Ridley Scott,"After a space merchant vessel receives an unknown transmission, one of the crew is attacked by a mysterious lifeform.",117,8.3,1000000,https://image.tmdb.org/t/p/w342/vfrQk5IPloGg1v9Rzbh2Eg3VGyM.jpg,https://image.tmdb.org/t/p/w780/AmR3JG1VQVxU8TfAvljUhfSFUOx.jpg
27,Aliens,1986,Sci-Fi|Action|Thriller,alien|sequel|space marine|survival|xenomorph|rescue mission,Sigourney Weaver|Michael Biehn|Carrie Henn|Paul Reiser,James Cameron,"Fifty-seven years after surviving an apocalyptic horror, Ripley returns to the planet where her crew met its end.",137,8.4,900000,https://image.tmdb.org/t/p/w342/r1x5JGpyqZU8PYhbs4UcrO1Xb6x.jpg,https://image.tmdb.org/t/p/w780/4kix6fAblJIH6eMs0Ku2loyZJXK.jpg
28,Terminator 2: Judgment Day,1991,Sci-Fi|Action,cyborg|time travel|judgment day|apocalypse|protector|future war,Arnold Schwarzenegger|Linda Hamilton|Edward Furlong,James Cameron,A cyborg must protect Sarah Connor's teenage son from a more advanced liquid metal machine.,137,8.6,1200000,https://image.tmdb.org/t/p/w342/jFTVD4XoWQTcg7wdyJKa8PEds5q.jpg,https://image.tmdb.org/t/p/w780/izkMjmhauFx9DjoBQqM5sM5WAwE.jpg
29,Die Hard,1988,Action|Thriller,hostage|skyscraper|christmas|one man army|terrorist|los angeles,Bruce Willis|Alan Rickman|Bonnie Bedelia,John McTiernan,An N.Y.C. cop arrives in L.A. to reconnect with his wife and gets trapped in a skyscraper during a terrorist takeover.,132,8.2,900000,https://image.tmdb.org/t/p/w342/7Bjd8kfmDSOzpmhySpEhkUyK2oH.jpg,https://image.tmdb.org/t/p/w780/bvk2AAH64lP2YZs02Q3jskfHT8j.jpg
30,Mad Max: Fury Road,2015,Action|Adventure|Sci-Fi,post apocalypse|car chase|desert|water scarcity|rebellion,Tom Hardy|Charlize Theron|Nicholas Hoult,George Miller,"In a post-apocalyptic wasteland, a woman rebels against a tyrannical ruler in search of her homeland.",120,8.1,1000000,https://image.tmdb.org/t/p/w342/ulcAi4dKpAjHwYGS08vNyx9H6I9.jpg,https://image.tmdb.org/t/p/w780/uT895WNwm0aIJRtGizcQhrejWUo.jpg
31,The Green Mile,1999,Drama|Crime|Fantasy,prison|death row|supernatural|innocence|guard|miracle,Tom Hanks|Michael Clarke Duncan|David Morse,Frank Darabont,The lives of guards on death row are affected by a prisoner with a mysterious gift.,189,8.5,1000000,https://image.tmdb.org/t/p/w342/8VG8fDNiy50H4FedGwdSVUPoaJe.jpg,https://image.tmdb.org/t/p/w780/amZavErrjrdgDwhsIdpWxHNenIx.jpg
32,Get Out,2017,Horror|Thriller|Mystery,racism|hypnosis|social thriller|boyfriend meets parents|suburban horror,Daniel Kaluuya|Allison Williams|Catherine Keener|Bradley Whitford,Jordan Peele,"A young African-American visits his white girlfriend's parents for the weekend, where his uneasiness reaches a boiling point.",104,7.7,600000,https://image.tmdb.org/t/p/w342/tFXcEccSQMf3lfhfXKSU9iRBpa3.jpg,https://image.tmdb.org/t/p/w780/bBQHALHRAaaORlPNXv7fNcRXYdx.jpg
33,A Quiet Place,2018,Horror|Thriller|Sci-Fi,silence|invasion|survival|family|monsters|deafness,Emily Blunt|John Krasinski|Noah Jupe|Millicent Simmonds,John Krasinski,"In a post-apocalyptic world, a family is forced to live in silence while hiding from monsters with ultra-sensitive hearing.",90,7.5,600000,https://image.tmdb.org/t/p/w342/nAU74GmpUk7t5iklEp3bufwDq4n.jpg,https://image.tmdb.org/t/p/w780/nHRUtBwFNnNN70vcQ7lAsjc2T6S.jpg
34,Hereditary,2018,Horror|Thriller|Drama,grief|family curse|occult|seance|possession|psychological horror,Toni Collette|Alex Wolff|Milly Shapiro|Gabriel Byrne,Ari Aster,A grieving family is haunted by tragic occurrences after the death of their reclusive grandmother.,127,7.3,500000,https://image.tmdb.org/t/p/w342/4GFPuL14eXi66V96xBWY73Y9PfR.jpg,https://image.tmdb.org/t/p/w780/gJbTXKNTL6O7r7PzF6ZRkJGBlPp.jpg
35,The Conjuring,2013,Horror|Thriller|Mystery,haunted house|exorcism|paranormal investigators|demonology|possession|1970s,Vera Farmiga|Patrick Wilson|Lili Taylor|Ron Livingston,James Wan,Paranormal investigators work to help a family terrorized by a dark presence in their secluded farmhouse.,112,7.5,700000,https://image.tmdb.org/t/p/w342/wVYREutTvI2tmxr6ujrHT704wGF.jpg,https://image.tmdb.org/t/p/w780/ecKQlAEG95k62SMGhvX83oEqANK.jpg
36,Superbad,2007,Comedy,coming of age|high school|friendship|party|alcohol|awkwardness,Jonah Hill|Michael Cera|Christopher Mintz-Plasse,Greg Mottola,Two co-dependent high school seniors are forced to deal with separation anxiety after a booze-soaked party plan goes awry.,113,7.6,800000,https://image.tmdb.org/t/p/w342/ek8e8txUyUwd2BNqj6lFEerJfbq.jpg,https://image.tmdb.org/t/p/w780/coru98UcFBzJIU7bxZguxaePgu0.jpg
37,The Hangover,2009,Comedy,bachelor party|vegas|amnesia|missing person|friendship,Bradley Cooper|Ed Helms|Zach Galifianakis,Todd Phillips,Three buddies wake up from a bachelor party in Las Vegas with no memory of the previous night and the bachelor missing.,100,7.7,900000,https://image.tmdb.org/t/p/w342/A0uS9rHR56FeBtpjVki16M5xxSW.jpg,https://image.tmdb.org/t/p/w780/iuRVt8tFiXDPGgzavhuSa3QHRxD.jpg
38,Groundhog Day,1993,Comedy|Fantasy|Romance,time loop|weatherman|small town|self improvement|repetition|pennsylvania,Bill Murray|Andie MacDowell|Chris Elliott,Harold Ramis,A narcissistic weatherman finds himself in a repeating time loop on Groundhog Day.,101,8.0,700000,https://image.tmdb.org/t/p/w342/gCgt1WARPZaXnq523ySQEUKinCs.jpg,https://image.tmdb.org/t/p/w780/4W6RYDNe4OByNryOCvJprrutm9h.jpg
39,The Grand Budapest Hotel,2014,Comedy|Drama|Adventure,hotel|concierge|heist|between the wars|friendship|whimsical,Ralph Fiennes|Tony Revolori|Saoirse Ronan|Adrien Brody,Wes Anderson,A writer recalls the adventures of a legendary concierge and his protégé at a famous European hotel between the wars.,100,8.1,900000,https://image.tmdb.org/t/p/w342/eWdyYQreja6JGCzqHWXpWHDrrPo.jpg,https://image.tmdb.org/t/p/w780/9udCLTxTFl28RxnK8Q05E154ZGa.jpg
40,Parasite,2019,Thriller|Drama|Comedy,class conflict|wealth gap|con artists|family|deception|dark comedy|seoul,Song Kang-ho|Lee Sun-kyun|Cho Yeo-jeong|Choi Woo-shik,Bong Joon-ho,"All unemployed, Ki-taek's family takes peculiar interest in the wealthy Parks, leading to an unstoppable series of events.",132,8.5,800000,https://image.tmdb.org/t/p/w342/7IiTTgloJzvGI1TAYymCfbfl3vT.jpg,https://image.tmdb.org/t/p/w780/vbC0rzdrb7Ohc2TkbEbxtOABECe.jpg
41,Oldboy,2003,Thriller|Drama|Mystery,imprisonment|revenge|mystery|twist|south korea|shock ending,Choi Min-sik|Yoo Ji-tae|Kang Hye-jung,Park Chan-wook,"After being kidnapped and imprisoned for fifteen years, Oh Dae-su is released, only to find his kidnapper has another plan.",120,8.4,700000,https://image.tmdb.org/t/p/w342/pWDtjs568ZfOTMbURQBYuT4Qxka.jpg,https://image.tmdb.org/t/p/w780/sdwjQEM869JFwMytTmvr6ggvaUl.jpg
42,The Truman Show,1998,Drama|Comedy|Sci-Fi,reality tv|surveillance|artificial world|awakening|media satire|island,Jim Carrey|Ed Harris|Laura Linney|Noah Emmerich,Peter Weir,"An insurance salesman discovers his whole life is actually a reality TV show, broadcast to millions.",103,8.2,1000000,https://image.tmdb.org/t/p/w342/vuza0WqY239yBXOadKlGwJsZJFE.jpg,https://image.tmdb.org/t/p/w780/rmiG2uwcNoGFmBKMoa1pIcf514L.jpg
43,Eternal Sunshine of the Spotless Mind,2004,Romance|Drama|Sci-Fi,memory erasure|love|breakup|memories|nonlinear|melancholy,Jim Carrey|Kate Winslet|Kirsten Dunst|Mark Ruffalo,Michel Gondry,"A couple undergo a procedure to erase each other from their memories, but rediscover their love mid-process.",108,8.3,1300000,https://image.tmdb.org/t/p/w342/5MwkWH9tYHv3mV9OdYTMR5qreIz.jpg,https://image.tmdb.org/t/p/w780/W1ffLQGHoxfAOq0ZYdPtJlvAdb.jpg
44,La La Land,2016,Romance|Drama|Music,los angeles|jazz|musical|ambition|love story|dreams|aspiring actress,Ryan Gosling|Emma Stone|John Legend|Rosemarie DeWitt,Damien Chazelle,A pianist and an actress fall in love while attempting to reconcile ambition with romance in Los Angeles.,128,8.0,1000000,https://image.tmdb.org/t/p/w342/uDO8zWDhfWwoFdKS4fzkUJt0Rf0.jpg,https://image.tmdb.org/t/p/w780/nlPCdZlHtRNcF6C9hzUH4ebmV1w.jpg
45,500 Days of Summer,2009,Romance|Comedy|Drama,love story|breakup|nonlinear|architect|greeting cards|unrequited love,Joseph Gordon-Levitt|Zooey Deschanel|Geoffrey Sorrell,Marc Webb,"An offbeat romantic comedy about a woman who doesn't believe true love exists, and the young man who falls for her.",95,7.7,800000,https://image.tmdb.org/t/p/w342/qXAuQ9hF30sQRsXf40OfRVl0MJZ.jpg,https://image.tmdb.org/t/p/w780/1M2i4Mxd03elGOTmEkIvqrHfmyS.jpg
46,Casablanca,1942,Romance|Drama|War,world war ii|refugees|nazi occupation|love triangle|airport|sacrifice,Humphrey Bogart|Ingrid Bergman|Paul Henreid,Michael Curtiz,A cynical expatriate cafe owner sacrifices his love for a woman when duty calls in unoccupied Casablanca.,102,8.5,600000,https://image.tmdb.org/t/p/w342/lGCEKlJo2CnWydQj7aamY7s1S7Q.jpg,https://image.tmdb.org/t/p/w780/87wqeMeUeMRLjsE1IWNKJcPlpuC.jpg
47,Vertigo,1958,Thriller|Mystery|Romance,obsession|acrophobia|detective|manipulation|san francisco|psychological,James Stewart|Kim Novak|Barbara Bel Geddes,Alfred Hitchcock,A retired detective suffering from acrophobia investigates the strange activities of an old friend's wife.,128,8.3,500000,https://image.tmdb.org/t/p/w342/15uOEfqBNTVtDUT7hGBVCka0rZz.jpg,https://image.tmdb.org/t/p/w780/rtVwkTqllcmyY4TVOycgVBHppWf.jpg
48,Psycho,1960,Horror|Thriller,motel|shower|mother|split personality|embezzlement|black and white,Anthony Perkins|Janet Leigh|Vera Miles,Alfred Hitchcock,"A secretary embezzles money and goes on the run, ending at a remote motel run by a young man dominated by his mother.",109,8.5,700000,https://image.tmdb.org/t/p/w342/yz4QVqPx3h1hD1DfqqQkCq3rmxW.jpg,https://image.tmdb.org/t/p/w780/mufF1aYvwdpKerhq5R1YrVcbJLY.jpg
49,Rear Window,1954,Thriller|Mystery|Drama,voyeurism|apartment|murder witness|photographer|confined|new york,James Stewart|Grace Kelly|Wendell Corey,Alfred Hitchcock,A wheelchair-bound photographer spies on his neighbors and becomes convinced one has committed murder.,112,8.5,600000,https://image.tmdb.org/t/p/w342/ILVF0eJxHMddjxeQhswFtpMtqx.jpg,https://image.tmdb.org/t/p/w780/zGs5tZOlvc9cprdcU6kDOVNpujf.jpg
50,Spirited Away,2001,Animation|Fantasy|Family,spirit world|coming of age|witch|bathhouse|parents transformed|japan,Rumi Hiiragi|Miyu Irino|Mari Natsuki,Hayao Miyazaki,"During her family's move to the suburbs, a sullen girl wanders into a world ruled by gods, witches, and spirits.",125,8.6,800000,https://image.tmdb.org/t/p/w342/39wmItIWsg5sZMyRUHLkWBcuVCM.jpg,https://image.tmdb.org/t/p/w780/dyJvKsNs2KP8qQnAXbRwDjblViy.jpg
51,Princess Mononoke,1997,Animation|Fantasy|Adventure,forest spirit|industrialization|curse|wolf girl|war between worlds|japan,Yoji Matsuda|Yuriko Ishida|Akihiro Miwa,Hayao Miyazaki,"On a journey to find the cure for a curse, a warrior finds himself in the middle of a war between forest spirits and a mining colony.",134,8.4,500000,https://image.tmdb.org/t/p/w342/cMYCDADoLKLbB83g4WnJegaZimC.jpg,https://image.tmdb.org/t/p/w780/gl0jzn4BupSbL2qMVeqrjKkF9Js.jpg
52,Toy Story,1995,Animation|Family|Comedy|Adventure,toys come alive|friendship|jealousy|cowboy|space ranger|moving day,Tom Hanks|Tim Allen|Don Rickles,John Lasseter,A cowboy doll is profoundly threatened when a new spaceman action figure supplants him as top toy in a boy's bedroom.,81,8.3,1000000,https://image.tmdb.org/t/p/w342/uXDfjJbdP4ijW5hWSBrPrlKpxab.jpg,https://image.tmdb.org/t/p/w780/3Rfvhy1Nl6sSGJwyjb0QiZzZYlB.jpg
53,Up,2009,Animation|Family|Adventure|Comedy,balloon house|elderly|grief|adventure|south america|boy scout,Ed Asner|Jordan Nagai|Christopher Plummer,Pete Docter,"78-year-old Carl travels to Paradise Falls in his balloon-equipped house, inadvertently taking a young stowaway.",96,8.3,1100000,https://image.tmdb.org/t/p/w342/mFvoEwSfLqbcWwFsDjQebn9bzFe.jpg,https://image.tmdb.org/t/p/w780/hGGC9gKo7CFE3fW07RA587e5kol.jpg
54,Inside Out,2015,Animation|Family|Comedy|Drama,emotions|mind|growing up|moving|sadness|girl,Amy Poehler|Phyllis Smith|Richard Kind,Pete Docter,"After young Riley is uprooted from her Midwest life, her core emotions conflict on how best to navigate a new city.",95,8.1,800000,https://image.tmdb.org/t/p/w342/2H1TmgdfNtsKlU9jKdeNyYL5y8T.jpg,https://image.tmdb.org/t/p/w780/o3i6AfTcWAuNvzAUV3q5lOmi6Gx.jpg
55,Coco,2017,Animation|Family|Music|Fantasy,day of the dead|mexico|music|family|underworld|memory,Anthony Gonzalez|Gael Garcia Bernal|Benjamin Bratt,Lee Unkrich,"Aspiring musician Miguel enters the Land of the Dead to find his great-great-grandfather, a legendary singer.",105,8.4,400000,https://image.tmdb.org/t/p/w342/6Ryitt95xrO8KXuqRGm1fUuNwqF.jpg,https://image.tmdb.org/t/p/w780/g7CHF8gTLGooTbP4GznIGwaqAGL.jpg
56,Wall-E,2008,Animation|Sci-Fi|Family|Romance,robot|space|environmentalism|love story|dystopia|trash|loneliness,Ben Burtt|Elissa Knight|Jeff Garlin,Andrew Stanton,"In the distant future, a small waste-collecting robot embarks on a space journey that will decide the fate of mankind.",98,8.4,1200000,https://image.tmdb.org/t/p/w342/hbhFnRzzg6ZDmm8YAmxBnQpQIPh.jpg,https://image.tmdb.org/t/p/w780/nYs4ZwnJBK4AgljhvzwNz7fpr3E.jpg
57,Arrival,2016,Sci-Fi|Drama|Mystery,aliens|linguistics|first contact|time|grief|communication,Amy Adams|Jeremy Renner|Forest Whitaker,Denis Villeneuve,A linguist works with the military to communicate with alien lifeforms after twelve mysterious spacecraft land around the world.,116,7.9,800000,https://image.tmdb.org/t/p/w342/pEzNVQfdzYDzVK0XqxERIw2x2se.jpg,https://image.tmdb.org/t/p/w780/8MUZz7oPXQftFTslZpRP3CVMOoq.jpg
58,Blade Runner 2049,2017,Sci-Fi|Thriller|Drama,replicant|android|dystopia|identity|investigation|future los angeles,Ryan Gosling|Harrison Ford|Ana de Armas|Sylvia Hoeks,Denis Villeneuve,A new blade runner uncovers a secret that leads him to track down former blade runner Rick Deckard.,164,8.0,900000,https://image.tmdb.org/t/p/w342/gajva2L0rPYkEWjzgFlBXCAVBE5.jpg,https://image.tmdb.org/t/p/w780/gNdLJU9TxrpGx4dkZidjys3fyy0.jpg
59,Dune,2021,Sci-Fi|Adventure,desert planet|chosen one|prophecy|empire|spice|political intrigue,Timothee Chalamet|Rebecca Ferguson|Oscar Isaac|Zendaya,Denis Villeneuve,Paul Atreides must travel to the most dangerous planet in the universe to save the future of his family and people.,155,8.0,1000000,https://image.tmdb.org/t/p/w342/v1tRXZ4JtD2Iv6fjkPvT4GiwslV.jpg,https://image.tmdb.org/t/p/w780/h3HsfV8Kn9Sz2QWUYYdP5ya23hx.jpg
60,Blade Runner,1982,Sci-Fi|Thriller,android hunting|dystopia|noir|identity|what is human|future los angeles,Harrison Ford|Sean Young|Rutger Hauer,Ridley Scott,A blade runner must pursue and terminate four replicants who stole a ship and returned to Earth to find their maker.,117,8.1,900000,https://image.tmdb.org/t/p/w342/63N9uy8nd9j7Eog2axPQ8lbr3Wj.jpg,https://image.tmdb.org/t/p/w780/hJ5R9d6QuH3tzr8L8neZZTuzNXm.jpg
61,2001: A Space Odyssey,1968,Sci-Fi|Adventure|Drama,space travel|evolution|artificial intelligence|monolith|astronauts|consciousness,Keir Dullea|Gary Lockwood|William Sylvester,Stanley Kubrick,"After discovering a mysterious artifact on the Moon, humanity sets off on a quest with the help of a superintelligent computer.",149,8.1,800000,https://image.tmdb.org/t/p/w342/ve72VxNqjGM69Uky4WTo2bK6rfq.jpg,https://image.tmdb.org/t/p/w780/w5IDXtifKntw0ajv2co7jFlTQDM.jpg
62,No Country for Old Men,2007,Crime|Thriller|Drama,assassin|texas|drug deal gone wrong|chase|coin toss|moral decay,Josh Brolin|Javier Bardem|Tommy Lee Jones,Joel Coen,Violence and mayhem ensue after a hunter stumbles upon a drug deal gone wrong and two million dollars in cash.,122,8.2,1200000,https://image.tmdb.org/t/p/w342/6d5XOczc226jECq0LIX0siKtgHR.jpg,https://image.tmdb.org/t/p/w780/gddUsvfyySrM5k8B8wwJy2VRlBx.jpg
63,Fargo,1996,Crime|Drama|Thriller,kidnapping|ransom|minnesota|pregnant detective|black comedy,Frances McDormand|William H. Macy|Steve Buscemi,Joel Coen,"A Minnesota car salesman hires two men to kidnap his wife for ransom, but the scheme collapses into bloodshed.",98,8.1,800000,https://image.tmdb.org/t/p/w342/rt7cpEr1uP6RTZykBFhBTcRaKvG.jpg,https://image.tmdb.org/t/p/w780/747dgDfL5d8esobk7h4odaOFhUq.jpg
64,The Big Lebowski,1998,Comedy|Crime,slacker|bowling|case of mistaken identity|los angeles|absurd comedy,Jeff Bridges|John Goodman|Steve Buscemi|Julianne Moore,Joel Coen,"Ultimate slacker Jeff Lebowski, mistaken for a millionaire of the same name, seeks restitution for his ruined rug.",117,8.1,900000,https://image.tmdb.org/t/p/w342/3bv6WAp6BSxxYvB5ozKFUYuRA8C.jpg,https://image.tmdb.org/t/p/w780/hXsy4XCCHrUk81XoRhcooyWejao.jpg
65,Spider-Man: Into the Spider-Verse,2018,Animation|Action|Adventure|Sci-Fi,multiverse|superhero|alternate dimensions|coming of age|mentor|brooklyn,Shameik Moore|Jake Johnson|Hailee Steinfeld|Mahershala Ali,Bob Persichetti,"Teen Miles Morales becomes Spider-Man of his reality, crossing paths with counterparts from other dimensions.",117,8.4,600000,https://image.tmdb.org/t/p/w342/iiZZdoQBEYBv6id8su7ImL0oCbD.jpg,https://image.tmdb.org/t/p/w780/8mnXR9rey5uQ08rZAvzojKWbDQS.jpg
66,The Incredibles,2004,Animation|Family|Action|Adventure,superhero family|suburbia|midlife crisis|secret identity|villain,Craig T. Nelson|Holly Hunter|Samuel L. Jackson,Brad Bird,"A family of undercover superheroes, forced into retirement, must return to action when a new villain threatens the world.",115,8.0,800000,https://image.tmdb.org/t/p/w342/2LqaLgk4Z226KkgPJuiOQ58wvrm.jpg,https://image.tmdb.org/t/p/w780/lxwzY9vNwjDgxWKt3zZ6zcU6rEJ.jpg
67,Finding Nemo,2003,Animation|Family|Adventure,ocean|missing child|father son|fish|australia|rescue,Albert Brooks|Ellen DeGeneres|Alexander Gould,Andrew Stanton,"After his son is captured and taken to Sydney, a timid clownfish sets out on a journey to bring him home.",100,8.2,1100000,https://image.tmdb.org/t/p/w342/eHuGQ10FUzK1mdOY69wF5pGgEf5.jpg,https://image.tmdb.org/t/p/w780/eCynaAOgYYiw5yN5lBwz3IxqvaW.jpg
68,Shrek,2001,Animation|Family|Comedy|Fantasy,ogre|fairy tale parody|princess|dragon|donkey|true love,Mike Myers|Eddie Murphy|Cameron Diaz,Andrew Adamson,"A mean lord exiles fairytale creatures to the swamp of a grumpy ogre, who must rescue a princess for the lord.",90,7.9,900000,https://image.tmdb.org/t/p/w342/iB64vpL3dIObOtMZgX3RqdVdQDc.jpg,https://image.tmdb.org/t/p/w780/sRvXNDItGlWCqtO3j6wks52FmbD.jpg
69,Oppenheimer,2023,Drama|History|Thriller,atomic bomb|manhattan project|nuclear|science|guilt|world war ii,Cillian Murphy|Emily Blunt|Robert Downey Jr.|Matt Damon,Christopher Nolan,The story of scientist J. Robert Oppenheimer and his role in the development of the atomic bomb.,180,8.3,1200000,https://image.tmdb.org/t/p/w342/8Gxv8gSFCU0XGDykEGv7zR1n2ua.jpg,https://image.tmdb.org/t/p/w780/neeNHeXjMF5fXoCJRsOmkNGC7q.jpg
70,Memento,2000,Thriller|Mystery|Drama,memory loss|revenge|reverse chronology|investigation|self deception,Guy Pearce|Carrie-Anne Moss|Joe Pantoliano,Christopher Nolan,"An investigator with amnesia attempts to track down his wife's murderer, navigating life with notes and tattoos.",113,8.4,1400000,https://image.tmdb.org/t/p/w342/nzlv62aC0octS5AklAiWpXLX9Z0.jpg,https://image.tmdb.org/t/p/w780/7Wev9JMo6R5XAfz2KDvXb7oPMmy.jpg
71,Django Unchained,2012,Action|Drama|Western,slavery|bounty hunter|revenge|rescue|antebellum south|friendship,Jamie Foxx|Christoph Waltz|Leonardo DiCaprio|Kerry Washington,Quentin Tarantino,"With the help of a German bounty hunter, a freed slave sets out to rescue his wife from a brutal plantation owner.",165,8.4,1700000,https://image.tmdb.org/t/p/w342/7oWY8VDWW7thTzWh3OKYRkWUlD5.jpg,https://image.tmdb.org/t/p/w780/2oZklIzUbvZXXzIFzv7Hi68d6xf.jpg
72,"The Good, the Bad and the Ugly",1966,Western,civil war|treasure hunt|three way duel|gunslinger|greed,Clint Eastwood|Eli Wallach|Lee Van Cleef,Sergio Leone,A bounty hunting scam joins two men in an uneasy alliance against a third in a race to find a fortune in gold.,161,8.8,800000,https://image.tmdb.org/t/p/w342/bX2xnavhMYjWDoZp1VM6VnU1xwe.jpg,https://image.tmdb.org/t/p/w780/x4biAVdPVCghBlsVIzB6NmbghIz.jpg
73,Unforgiven,1992,Western|Drama,retired gunslinger|revenge|cowboys|morality|bounty|aging,Clint Eastwood|Gene Hackman|Morgan Freeman,Clint Eastwood,A retired gunslinger reluctantly takes on one last job to pay for his children's upbringing.,130,8.2,600000,https://image.tmdb.org/t/p/w342/54roTwbX9fltg85zjsmrooXAs12.jpg,https://image.tmdb.org/t/p/w780/rvRGFevvZK48onX0PYI1eQLbuJd.jpg
74,The Wolf of Wall Street,2013,Crime|Comedy|Drama,stockbroker|excess|fraud|wealth|drugs|true story|wall street,Leonardo DiCaprio|Jonah Hill|Margot Robbie|Matthew McConaughey,Martin Scorsese,"The true story of Jordan Belfort, from his rise as a wealthy stock-broker to his fall involving corruption and crime.",180,8.2,1800000,https://image.tmdb.org/t/p/w342/kW9LmvYHAaS9iA0tHmZVq8hQYoq.jpg,https://image.tmdb.org/t/p/w780/7Nwnmyzrtd0FkcRyPqmdzTPppQa.jpg
75,Taxi Driver,1976,Crime|Drama,insomnia|urban decay|loneliness|veteran|violence|new york,Robert De Niro|Jodie Foster|Cybill Shepherd,Martin Scorsese,"A mentally unstable veteran works as a nighttime taxi driver, where perceived decadence fuels his urge for violence.",114,8.2,900000,https://image.tmdb.org/t/p/w342/ekstpH614fwDX8DUln1a2Opz0N8.jpg,https://image.tmdb.org/t/p/w780/9uddYYTNcLWpzUkl5iw1RUYhLhY.jpg
76,Heat,1995,Crime|Thriller|Drama,heist|cop and criminal|los angeles|obsession|professional thieves|showdown,Al Pacino|Robert De Niro|Val Kilmer,Michael Mann,A group of professional bank robbers start to feel the heat when they unknowingly leave a clue at their latest heist.,170,8.3,900000,https://image.tmdb.org/t/p/w342/umSVjVdbVwtx5ryCA2QXL44Durm.jpg,https://image.tmdb.org/t/p/w780/xKsnZDERG1dk95wuZ5q9iks3OL3.jpg
77,Gone Girl,2014,Thriller|Mystery|Drama,missing wife|media circus|unreliable narrators|marriage|deception|twist,Ben Affleck|Rosamund Pike|Neil Patrick Harris,David Fincher,"With his wife's disappearance the focus of a media circus, a man finds the spotlight turned on him as a suspect.",149,8.1,1200000,https://image.tmdb.org/t/p/w342/ts996lKsxvjkO2yiYG0ht4qAicO.jpg,https://image.tmdb.org/t/p/w780/iWak7wT0j6ycCc8lKr4NBz9c7n5.jpg
78,Zodiac,2007,Crime|Thriller|Mystery|Drama,serial killer|cipher|obsession|investigation|journalism|san francisco,Jake Gyllenhaal|Mark Ruffalo|Robert Downey Jr.,David Fincher,A San Francisco cartoonist becomes an amateur detective obsessed with tracking down the Zodiac Killer.,157,7.7,700000,https://image.tmdb.org/t/p/w342/6YmeO4pB7XTh8P8F960O1uA14JO.jpg,https://image.tmdb.org/t/p/w780/3zCPI4JFc54xvLaJ71oI2KoP3az.jpg
79,The Social Network,2010,Drama|History,facebook|harvard|lawsuit|tech startup|betrayal|genius|programming,Jesse Eisenberg|Andrew Garfield|Armie Hammer,David Fincher,Harvard student Mark Zuckerberg creates a social networking site with over a billion users - and enemies.,120,7.8,1300000,https://image.tmdb.org/t/p/w342/n0ybibhJtQ5icDqTp8eRytcIHJx.jpg,https://image.tmdb.org/t/p/w780/1PXwh3nJzgRkkYnqfWInJNypeL4.jpg
80,Prisoners,2013,Thriller|Crime|Drama|Mystery,kidnapping|missing children|detective|religious father|interrogation|desperation,Hugh Jackman|Jake Gyllenhaal|Viola Davis,Denis Villeneuve,"When police capture a man they believe killed his daughter, a desperate father resorts to desperate measures.",153,8.1,1000000,https://image.tmdb.org/t/p/w342/uhviyknTT5cEQXbn6vWIqfM4vGm.jpg,https://image.tmdb.org/t/p/w780/3RFmTz5h2UuFWEV4oH00XICBR9y.jpg
81,Catch Me If You Can,2002,Crime|Drama|Comedy,con artist|forger|fbi chase|true story|escapades,Leonardo DiCaprio|Tom Hanks|Christopher Walken,Steven Spielberg,"Barely 21 and a skilled forger, Frank Abagnale passes bad checks and impersonates professionals - with the FBI on his heels.",141,8.1,1100000,https://image.tmdb.org/t/p/w342/ctjEj2xM32OvBXCq8zAdK3ZrsAj.jpg,https://image.tmdb.org/t/p/w780/sfW8gtA6Bz2F4zK1FoCKbMqTF8Z.jpg
82,Jaws,1975,Thriller|Adventure|Drama,shark attack|beach town|hunt|mayor coverup|summer,Roy Scheider|Robert Shaw|Richard Dreyfuss,Steven Spielberg,"When a killer shark unleashes chaos on a beach community, a sheriff, a biologist, and a seafarer hunt the beast.",124,8.1,1000000,https://image.tmdb.org/t/p/w342/lxM6kqilAdpdhqUl2biYp5frUxE.jpg,https://image.tmdb.org/t/p/w780/i1yf91svRHX45l9BXL8rVFzLoPH.jpg
83,Raiders of the Lost Ark,1981,Adventure|Action,archaeologist|nazis|artifact hunt|whip|peru,Harrison Ford|Karen Allen|Paul Freeman,Steven Spielberg,"In 1936, archaeologist Indiana Jones is hired to find the Ark of the Covenant before the Nazis can obtain its powers.",115,8.4,1000000,https://image.tmdb.org/t/p/w342/ceG9VzoRAVGwivFU403Wc3AHRys.jpg,https://image.tmdb.org/t/p/w780/zPACwR32amTNvzId9qyapCWXYDJ.jpg
84,Star Wars: A New Hope,1977,Sci-Fi|Adventure|Action,the force|space opera|rebellion|jedi|death star|farm boy|droids,Mark Hamill|Harrison Ford|Carrie Fisher|Alec Guinness,George Lucas,Luke Skywalker joins forces with a Jedi Knight and a cocky pilot to save the galaxy from the Empire's battle station.,121,8.6,1500000,https://image.tmdb.org/t/p/w342/6FfCtAuVAW8XJjZ7eWeLibRLWTw.jpg,https://image.tmdb.org/t/p/w780/yUiXA68FfQeA8cRBhd0Ao0jIRZt.jpg
85,Star Wars: The Empire Strikes Back,1980,Sci-Fi|Adventure|Action,the force|space opera|rebellion|jedi|training|ice planet|plot twist,Mark Hamill|Harrison Ford|Carrie Fisher|Billy Dee Williams,Irvin Kershner,"After the Rebels are overpowered by the Empire on the ice planet Hoth, Luke begins Jedi training with Yoda.",124,8.7,1400000,,
86,The Terminator,1984,Sci-Fi|Action|Thriller,cyborg|time travel|protector|future war|skynet|los angeles,Arnold Schwarzenegger|Michael Biehn|Linda Hamilton,James Cameron,"A cyborg assassin sent from the future attempts to kill Sarah Connor, whose unborn son will lead humanity.",107,8.1,1000000,https://image.tmdb.org/t/p/w342/qvktm0BHcnmDpul4Hz01GIazWPr.jpg,https://image.tmdb.org/t/p/w780/ffdqHMWkh1h9MABwIfbfRJhgFW6.jpg
87,Edge of Tomorrow,2014,Sci-Fi|Action|Adventure,time loop|alien war|soldier|repetition|training,Tom Cruise|Emily Blunt|Bill Paxton,Doug Liman,"A soldier fighting aliens relives the same day over and over, each death making him a better warrior.",113,7.9,900000,https://image.tmdb.org/t/p/w342/nBM9MMa2WCwvMG4IJ3eiGUdbPe6.jpg,https://image.tmdb.org/t/p/w780/4V1yIoAKPMRQwGBaSses8Bp2nsi.jpg
88,Donnie Darko,2001,Sci-Fi|Mystery|Drama,time travel|tangent universe|hallucinations|suburbia|rabbit mask|1980s,Jake Gyllenhaal|Jena Malone|Mary McDonnell,Richard Kelly,"After narrowly escaping an accident, a teenaged boy is plagued by visions of a man in a rabbit suit.",113,7.8,700000,https://image.tmdb.org/t/p/w342/j2AtZFsflxiluaNtajMTI0Avm8C.jpg,https://image.tmdb.org/t/p/w780/msCHK5Kh1YbdZ0zPJ2nzPUhhSN9.jpg
89,Pan's Labyrinth,2006,Fantasy|Drama|War,fascist spain|fairy tale|labyrinth|stepfather|princess|escapism,Ivana Baquero|Sergi Lopez|Maribel Verdu,Guillermo del Toro,"In 1944 Spain, a young girl escapes the horror of her stepfather by entering a labyrinth of fantasy.",118,7.9,800000,https://image.tmdb.org/t/p/w342/z7xXihu5wHuSMWymq5VAulPVuvg.jpg,https://image.tmdb.org/t/p/w780/6G6nqSW9S7EHA9HrYl0Z8uo2H7f.jpg
90,Her,2013,Romance|Drama|Sci-Fi,artificial intelligence|loneliness|love story|future los angeles|voice|technology|divorce,Joaquin Phoenix|Scarlett Johansson|Amy Adams,Spike Jonze,"In a near future, a lonely writer develops an unlikely relationship with an operating system designed to meet his every need.",126,8.0,900000,https://image.tmdb.org/t/p/w342/eCOtqtfvn7mxGl6nfmq4b1exJRc.jpg,https://image.tmdb.org/t/p/w780/sPPsR9f4K0movWVQ99u4uMqFzEL.jpg
91,Ex Machina,2014,Sci-Fi|Thriller|Drama,artificial intelligence|turing test|isolated estate|creator|consciousness|manipulation,Domhnall Gleeson|Alicia Vikander|Oscar Isaac,Alex Garland,A young programmer is selected to evaluate the human qualities of a highly advanced humanoid A.I.,108,7.7,1000000,https://image.tmdb.org/t/p/w342/dmJW8IAKHKxFNiUnoDR7JfsK7Rp.jpg,https://image.tmdb.org/t/p/w780/uqOuJ50EtTj7kkDIXP8LCg7G45D.jpg
92,Moon,2009,Sci-Fi|Drama|Mystery,clone|isolation|lunar base|corporation|identity crisis|three year contract,Sam Rockwell|Kevin Spacey|Dominique McElligott,Duncan Jones,"An astronaut's three-year stint at a lunar mine is nearly complete, until a harrowing discovery changes everything.",97,7.8,700000,https://image.tmdb.org/t/p/w342/35IU0Mq0zFsN1mYwDGts5mKc77n.jpg,https://image.tmdb.org/t/p/w780/mvUAo9ACgmLpS4Ofc2IwD4n7WCt.jpg
93,Gravity,2013,Sci-Fi|Thriller|Drama,space disaster|survival|astronaut|debris|grief|isolation,Sandra Bullock|George Clooney|Ed Harris,Alfonso Cuaron,Two astronauts work together to survive after an accident leaves them stranded in space.,91,7.7,1000000,https://image.tmdb.org/t/p/w342/kZ2nZw8D681aphje8NJi8EfbL1U.jpg,https://image.tmdb.org/t/p/w780/a2n6bKD7qhCPCAEALgsAhWOAQcc.jpg
94,Children of Men,2006,Sci-Fi|Thriller|Drama,infertility|dystopia|refugees|hope|britain|last generation,Clive Owen|Julianne Moore|Michael Caine,Alfonso Cuaron,"In 2027, in a chaotic world where women have become infertile, a former activist helps transport a pregnant woman to safety.",109,7.9,900000,https://image.tmdb.org/t/p/w342/k9IAS4TehZFcKi4HVByxZNPfqex.jpg,https://image.tmdb.org/t/p/w780/www52jvhbB0ppe9s0zxbf9EYox.jpg
95,The Avengers,2012,Action|Sci-Fi|Adventure,superhero team|alien invasion|new york|shield|tesseract|banter,Robert Downey Jr.|Chris Evans|Mark Ruffalo|Scarlett Johansson,Joss Whedon,Earth's mightiest heroes must learn to fight as a team to stop Loki and his alien army from enslaving humanity.,143,8.1,1400000,https://image.tmdb.org/t/p/w342/RYMX2wcKCBAr24UyPD7xwmjaTn.jpg,https://image.tmdb.org/t/p/w780/9BBTo63ANSmhC4e6r62OJFuK2GL.jpg
96,Avengers: Infinity War,2018,Action|Sci-Fi|Adventure,superhero team|thanos|infinity stones|sacrifice|space,Robert Downey Jr.|Chris Hemsworth|Mark Ruffalo|Chris Evans,Anthony Russo,"The Avengers must stop Thanos, an ultra-powerful cosmic tyrant, from collecting all six Infinity Stones.",149,8.4,1200000,https://image.tmdb.org/t/p/w342/7WsyChQLEftFiDOVTGkv3hFpyyt.jpg,https://image.tmdb.org/t/p/w780/mDfJG3LC3Dqb67AZ52x3Z0jU0uB.jpg
97,Iron Man,2008,Action|Sci-Fi|Adventure,superhero|origin story|tech genius|mark suit|playboy,Robert Downey Jr.|Gwyneth Paltrow|Terrence Howard,Jon Favreau,"After being held captive in an Afghan cave, billionaire engineer Tony Stark creates a weaponized suit to fight evil.",126,8.0,1300000,https://image.tmdb.org/t/p/w342/78lPtwv72eTNqFW9COBYI0dWDJa.jpg,https://image.tmdb.org/t/p/w780/cKvDv2LpwVEqbdXWoQl4XgGN6le.jpg
98,Guardians of the Galaxy,2014,Action|Sci-Fi|Comedy|Adventure,superhero team|space|misfits|orb|mixtape|rogues,Chris Pratt|Zoe Saldana|Bradley Cooper|Vin Diesel,James Gunn,"Light years from Earth, a misfit group of aliens must work together to stop a fanatical warlord from controlling the galaxy.",121,8.0,1300000,https://image.tmdb.org/t/p/w342/r7vmZjiyZw9rpJMQJdXpjgiCOk9.jpg,https://image.tmdb.org/t/p/w780/uLtVbjvS1O7gXL8lUOwsFOH4man.jpg
99,Top Gun: Maverick,2022,Action|Drama,fighter jets|mentor|past|training mission|impossible mission,Tom Cruise|Jennifer Connelly|Miles Teller,Joseph Kosinski,"After thirty years, Maverick is still pushing the envelope as a top naval aviator, but must confront ghosts of his past.",130,8.2,1000000,https://image.tmdb.org/t/p/w342/n0YuM4f5lvGAP6MAW2kBIzugXnc.jpg,https://image.tmdb.org/t/p/w780/AaV1YIdWKnjAIAOe8UUKBFm327v.jpg
100,John Wick,2014,Action|Thriller|Crime,assassin|dog|revenge|underground world|retirement|vigilante,Keanu Reeves|Michael Nyqvist|Willem Dafoe,Chad Stahelski,An ex-hitman comes out of retirement to track down the gangsters that killed his dog and took everything from him.,101,7.4,900000,https://image.tmdb.org/t/p/w342/wXqWR7dHncNRbxoEGybEy7QTe9h.jpg,https://image.tmdb.org/t/p/w780/ff2ti5DkA9UYLzyqhQfI2kZqEuh.jpg
101,Coraline,2009,Animation|Family|Horror|Fantasy,alternate world|other mother|buttons|new house|parallel parents,Dakota Fanning|Teri Hatcher|Keith David,Henry Selick,An adventurous girl walks through a secret door and discovers a parallel version of her life - which turns sinister.,100,7.8,500000,https://image.tmdb.org/t/p/w342/4jeFXQYytChdZYE9JYO7Un87IlW.jpg,https://image.tmdb.org/t/p/w780/hofnlIyF6bePkgQOpcuRWLvzf15.jpg
102,The Nightmare Before Christmas,1993,Animation|Family|Fantasy|Music,halloween town|christmas takeover|pumpkin king|stop motion|holiday mixup,Danny Elfman|Chris Sarandon|Catherine O'Hara,Henry Selick,"Jack Skellington, king of Halloween Town, discovers Christmas Town and tries to bring the holiday home with disastrous results.",76,8.0,700000,https://image.tmdb.org/t/p/w342/oQffRNjK8e19rF7xVYEN8ew0j7b.jpg,https://image.tmdb.org/t/p/w780/dSfrsjhqC6lYe7LYDYnzWeXZmEl.jpg
103,Edward Scissorhands,1990,Drama|Fantasy|Romance,artificial man|scissors|suburbia|isolation|first love|inventor,Johnny Depp|Winona Ryder|Dianne Wiest,Tim Burton,An artificial man with scissors for hands is taken in by a suburban family after his creator dies.,105,7.9,800000,https://image.tmdb.org/t/p/w342/e0FqKFvGPdQNWG8tF9cZBtev9Em.jpg,https://image.tmdb.org/t/p/w780/uNLIMPxknsV4n3IAEDpS1iqF5dm.jpg
104,Big Fish,2003,Drama|Fantasy|Adventure,tall tales|father son|dying father|stories|circus|southern gothic,Ewan McGregor|Albert Finney|Billy Crudup,Tim Burton,A son tries to learn more about his dying father by reliving the stories and myths his father told about his life.,125,8.0,800000,https://image.tmdb.org/t/p/w342/tjK063yCgaBAluVU72rZ6PKPH2l.jpg,https://image.tmdb.org/t/p/w780/bLqUd0tBvKezDr9MEla7k34i3rp.jpg
105,The Notebook,2004,Romance|Drama,love story|memory loss|class differences|summer romance|letters,Ryan Gosling|Rachel McAdams|James Garner,Nick Cassavetes,"A poor yet passionate young man falls in love with a rich young woman, and their romance spans decades.",123,7.9,1200000,https://image.tmdb.org/t/p/w342/rNzQyW4f8B8cQeg7Dgj3n6eT5k9.jpg,https://image.tmdb.org/t/p/w780/zdXnJqBaGFVtLoPNuMeKfEYUViZ.jpg
106,Pride & Prejudice,2005,Romance|Drama,regency|class differences|marriage|england|first impressions,Keira Knightley|Matthew Macfadyen|Donald Sutherland,Joe Wright,A 19th-century mother faces the challenge of marrying off her five daughters amid class clashes and misunderstandings.,129,8.0,900000,https://image.tmdb.org/t/p/w342/o8UhmEbWPHmTUxP0lMuCoqNkbB3.jpg,https://image.tmdb.org/t/p/w780/1Onam6oWyFAUCcoxtdWkACtEiNr.jpg
107,Before Sunrise,1995,Romance|Drama,one night|train travel|conversation|vienna|strangers|connection,Ethan Hawke|Julie Delpy,Richard Linklater,A young man and woman meet on a train in Europe and wind up spending one evening together in Vienna.,101,8.1,500000,https://image.tmdb.org/t/p/w342/kf1Jb1c2JAOqjuzA3H4oDM263uB.jpg,https://image.tmdb.org/t/p/w780/qA2TyqPldTtoTVY3LKrNIG5g6bH.jpg
108,Lost in Translation,2003,Romance|Drama|Comedy,tokyo|insomnia|unlikely friendship|alienation|hotel|american abroad,Bill Murray|Scarlett Johansson|Giovanni Ribisi,Sofia Coppola,A faded movie star and a neglected young woman form an unlikely bond after crossing paths in Tokyo.,102,7.7,600000,https://image.tmdb.org/t/p/w342/3jCLmYDIIiSMPujbwygNpqdpM8N.jpg,https://image.tmdb.org/t/p/w780/6ITVHoipvxAS8luzKtHTbPaHLtT.jpg
109,Free Solo,2018,Documentary|Adventure|Sport,climbing|el capitan|risk|dedication|preparation|nature,Alex Honnold|Tommy Caldwell|Jimmy Chin,Elizabeth Chai Vasarhelyi,Follow Alex Honnold as he attempts to become the first person to free solo climb Yosemite's El Capitan wall.,100,8.1,100000,https://image.tmdb.org/t/p/w342/v4QfYZMACODlWul9doN9RxE99ag.jpg,https://image.tmdb.org/t/p/w780/z2uuQasY4gQJ8VDAFki746JWeQJ.jpg
110,Man on Wire,2008,Documentary|Crime,tightrope walk|world trade center|daredevil|1970s|artistic crime,Philippe Petit|Jean Louis Blondeau,James Marsh,A look at tightrope walker Philippe Petit's daring but illegal high-wire routine between the Twin Towers in 1974.,94,7.7,100000,https://image.tmdb.org/t/p/w342/1mS4rhIgHZcHIvf1beP9Av0Ui33.jpg,https://image.tmdb.org/t/p/w780/yKEe2nFu4fRYcmVdeAwZxTZvP3g.jpg
111,Apollo 13,1995,Drama|History|Adventure,space mission|nasa|explosion|survival|teamwork|troubleshooting,Tom Hanks|Kevin Bacon|Bill Paxton|Ed Harris,Ron Howard,NASA must devise a strategy to return Apollo 13 to Earth safely after the spacecraft suffers massive damage.,140,7.7,700000,https://image.tmdb.org/t/p/w342/tVeKscCm2fY1xDXZk8PgnZ87h9S.jpg,https://image.tmdb.org/t/p/w780/n0FDJI9c0uWiZwm8wgXVjaMBn96.jpg
112,The Martian,2015,Sci-Fi|Adventure|Drama,mars|stranded astronaut|botany|survival|problem solving|nasa|humor,Matt Damon|Jessica Chastain|Kristen Wiig,Ridley Scott,An astronaut becomes stranded on Mars and must rely on his ingenuity to survive while NASA plots a rescue.,144,7.9,1200000,https://image.tmdb.org/t/p/w342/fASz8A0yFE3QB6LgGoOfwvFSseV.jpg,https://image.tmdb.org/t/p/w780/lzMS0CI3FLQYC5EgJoWeIaEt0lm.jpg
113,Hidden Figures,2016,Drama|History,nasa|mathematicians|civil rights|space race|black women|segregation,Taraji P. Henson|Octavia Spencer|Janelle Monae,Theodore Melfi,The story of the Black female mathematicians at NASA whose calculations were essential to launching John Glenn into orbit.,127,7.8,400000,https://image.tmdb.org/t/p/w342/9lfz2W2uGjyow3am00rsPJ8iOyq.jpg,https://image.tmdb.org/t/p/w780/rfkIeCaIHhN3K5wjJJqKmfUjYp8.jpg
114,Spotlight,2015,Drama|History|Thriller,investigative journalism|coverup|boston globe|team|persistence,Michael Keaton|Mark Ruffalo|Rachel McAdams,Tom McCarthy,The true story of how the Boston Globe's Spotlight team uncovered the massive child abuse scandal in the Catholic Church.,128,8.1,600000,https://image.tmdb.org/t/p/w342/8DPGG400FgaFWaqcv11n8mRd2NG.jpg,https://image.tmdb.org/t/p/w780/8FbbcmwmpGd7brfiC7f7lWFNGdi.jpg
115,Room,2015,Drama|Thriller,captivity|mother and son|escape|resilience|child perspective,Brie Larson|Jacob Tremblay|Joan Allen,Lenny Abrahamson,"Held captive for seven years, a woman and her son finally gain freedom, allowing the boy to experience the outside world.",118,8.1,600000,https://image.tmdb.org/t/p/w342/2hHDMeYyZjbGWn0BeNH1cTMxuM7.jpg,https://image.tmdb.org/t/p/w780/cGV6R2vzT4TYIabf3JgmrOISQ0y.jpg
116,Whiplash 2: Encore Cut,2014,Drama|Music,jazz|drummer|obsession,Miles Teller|J.K. Simmons,Damien Chazelle,A young drummer faces his mentor again in an extended cut of the story.,106,7.0,120,,
117,Dark City,1998,Sci-Fi|Thriller|Mystery,memory manipulation|alien experiment|noir|identity|night,Rufus Sewell|William Hurt|Kiefer Sutherland,Alex Proyas,"A man struggles with memories of his past, which include a wife he cannot remember and a nightmarish world.",100,7.6,300000,https://image.tmdb.org/t/p/w342/tNPEGju4DpTdbhBphNmZoEi9Bd3.jpg,https://image.tmdb.org/t/p/w780/sWi4SSeVPii4NU365Df9vzX1yOX.jpg
118,Dark Waters,2019,Thriller|Drama|History,corporate malfeasance|environmental|lawyer|chemical contamination|whistleblower,Mark Ruffalo|Anne Hathaway|Tim Robbins,Todd Haynes,A corporate defense attorney takes on an environmental lawsuit exposing a lengthy history of pollution.,126,7.6,100000,https://image.tmdb.org/t/p/w342/bzvzaHqKBSuGIIWhinTQPHvT0zf.jpg,https://image.tmdb.org/t/p/w780/jRqHItD7rORpbB0lx2ke8StSntb.jpg
119,The Darkest Hour,2017,Drama|History|War,winston churchill|world war ii|britain|dunkirk|leadership,Gary Oldman|Lily James|Kristin Scott Thomas,Joe Wright,"In May 1940, newly appointed Prime Minister Winston Churchill must decide whether to negotiate with Hitler or fight on.",114,7.9,300000,https://image.tmdb.org/t/p/w342/iUrtHcc8rn7iX31Id3MYOT1rbyw.jpg,https://image.tmdb.org/t/p/w780/ogRXgYKABTqiqmBen9hkbo3Fvz1.jpg
120,Dunkirk,2017,Drama|History|War,dunkirk evacuation|world war ii|beach|planes|survival,Fionn Whitehead|Tom Hardy|Mark Rylance|Cillian Murphy,Christopher Nolan,"Allied soldiers from Belgium, Britain, and France are surrounded and evacuated in a World War II battle.",106,7.8,900000,https://image.tmdb.org/t/p/w342/b4Oe15CGLL61Ped0RAS9JpqdmCt.jpg,https://image.tmdb.org/t/p/w780/ddIkmH3TpR6XSc47jj0BrGK5Rbz.jpg
121,Hamilton,2020,Documentary|Music|History,hip hop musical|founding fathers|live recording|history|immigrants,Lin-Manuel Miranda|Leslie Odom Jr.|Daveed Diggs,Thomas Kail,"The real life of one of America's foremost founding fathers and first Secretary of the Treasury, captured live on Broadway.",160,8.4,100000,https://image.tmdb.org/t/p/w342/h1B7tW0t399VDjAcWJh8m87469b.jpg,https://image.tmdb.org/t/p/w780/uWVkEo9PWHu9algZsiLPi6sRU64.jpg
122,13th,2016,Documentary|History,mass incarceration|racial inequality|slavery|systemic injustice|usa,Janelle Monae|Kamala Harris|Angela Davis,Ava DuVernay,An in-depth look at the prison system in the United States and its history of racial inequality.,100,8.2,50000,https://image.tmdb.org/t/p/w342/tcKNWD6IFPPsvkpvyZ548naz0is.jpg,https://image.tmdb.org/t/p/w780/hwn9CN2x5Qhm3laLRvZlXttL6LU.jpg
123,Whiplash,2014,Drama|Music,jazz|drummer|obsession|teacher student|abuse|perfectionism,Miles Teller|J.K. Simmons|Melissa Benoist|Paul Reiser,Damien Chazelle,A promising young drummer enrolls at a cut-throat music conservatory where his mentor will stop at nothing to realize his potential.,106,8.5,1000000,https://image.tmdb.org/t/p/w342/7fn624j5lj3xTme2SgiLCeuedmO.jpg,https://image.tmdb.org/t/p/w780/wbQa0EnWUyRzQ5d1pHLNRlmsCUP.jpg
124,Whiplash,2014,"Drama, Music","jazz, drummer, obsession","Miles Teller, J.K. Simmons",Damien Chazelle,Alternate lower-vote duplicate row that must be removed.,106,8.5,500,https://image.tmdb.org/t/p/w342/7fn624j5lj3xTme2SgiLCeuedmO.jpg,https://image.tmdb.org/t/p/w780/wbQa0EnWUyRzQ5d1pHLNRlmsCUP.jpg
125,The Void Movie,,"science fiction , drama","space, mystery",,,"A movie with missing year, director and cast on purpose.",,,10,,
126,Garbage Format,1999,Science Fiction|Drama,"odd format, mixed separators; wild input",Actor One;Actor Two,Some Director,,260,11.5,100,,
